,,,Wall time,Step,Value
1588818839.16744,24,10.5955848693848,,,
1588819058.47467,48,96.3366928100586,,,
1588819160.08708,51,143.15185546875,,,
1588819529.50775,62,169.942810058594,,,
1588820015.84421,77,211.864303588867,,,
1588820728.2001,100,227.093933105469,,,
1588822447.50313,161,273.349212646484,,,
1588822534.44325,164,217.995727539062,,,
1588822819.17126,173,152.210708618164,,,
1588824535.75556,235,258.65869140625,,,
1588824688.74489,240,240.250335693359,,,
1588825242.50177,261,225.038055419922,,,
1588825542.23921,273,213.547958374023,,,
1588825721.86012,279,263.430084228516,,,
1588826845.10634,314,229.480926513672,,,
1588826891.73765,316,216.835479736328,,,
1588827125.80351,324,250.914352416992,,,
1588827971.45253,353,260.362487792969,,,
1588828529.42494,373,230.714584350586,,,
1588830255.98024,427,246.909118652344,,,
1588830286.57754,428,261.715942382812,,,
1588830833.97883,448,157.426803588867,,,
1588831397.27597,466,296.075347900391,,,
1588831768.17674,480,307.133178710937,,,
1588833613.5752,542,305.459625244141,,,
1588834450.78039,569,332.922180175781,,,
1588834987.07184,585,329.571228027344,,,
1588835206.64959,592,313.259552001953,,,
1588835237.44706,593,311.440093994141,,,
1588836227.93153,626,331.438842773438,,,
1588836564.98609,640,282.603424072266,,,
1588836808.01164,648,311.107513427734,,,
1588836964.46462,653,292.483703613281,,,
1588837026.08366,655,310.596588134766,,,
1588837402.29714,667,333.572265625,,,
1588837713.56567,677,249.826232910156,,,
1588839003.27759,720,321.194152832031,,,
1588839233.55347,728,346.912811279297,,,
1588839476.53863,736,329.085784912109,,,
1588840246.28069,762,310.897857666016,,,
1588840498.50964,771,344.055297851562,,,
1588840616.02245,775,325.189483642578,,,
1588840674.68537,777,352.851623535156,,,
1588841105.45925,791,333.320770263672,,,
1588841168.41992,793,308.350646972656,,,
1588841389.39495,800,362.082397460937,,,
1588841624.08211,808,312.327667236328,,,
1588841800.04245,814,345.481292724609,,,
1588842542.48951,842,347.667846679687,,,
1588845648.35198,951,46.9947166442871,,,
1588846116.40587,968,341.568878173828,,,
1588846379.27094,977,333.973358154297,,,
1588846408.38286,978,351.437133789062,,,
1588846584.04131,984,311.269104003906,,,
1588846759.53419,990,314.995208740234,,,
1588847259.36354,1008,353.817749023437,,,
1588847346.80677,1011,345.735870361328,,,
1588847609.72055,1020,335.792999267578,,,
1588848964.18335,1069,340.200225830078,,,
1588849051.92015,1072,354.545806884766,,,
1588849227.24806,1078,356.440155029297,,,
1588849402.59214,1084,357.643737792969,,,
1588849881.76919,1099,334.738800048828,,,
1588850080.93018,1105,332.414611816406,,,
1588850247.01506,1110,350.134185791016,,,
1588851885.51819,1162,323.734588623047,,,
1588852021.58711,1167,334.443664550781,,,
1588852054.81822,1168,346.526092529297,,,
1588852562.45793,1186,353.006439208984,,,
1588852995.14862,1199,354.319244384766,,,
1588854601.89155,1250,352.84619140625,,,
1588855169.63048,1267,356.947052001953,,,
1588855840.15415,1287,351.569213867187,,,
1588856988.73849,1322,343.643676757812,,,
1588857089.7468,1325,346.586151123047,,,
1588857561.22073,1339,341.781829833984,,,
1588857695.90162,1343,346.129943847656,,,
1588859182.65613,1391,355.299987792969,,,
1588859419.42483,1398,357.087646484375,,,
1588860161.61777,1420,350.00439453125,,,
1588860566.60854,1432,355.164031982422,,,
1588860904.61486,1442,353.341033935547,,,
1588861917.22132,1472,349.756652832031,,,
1588862288.60386,1483,353.311706542969,,,
1588862559.11624,1491,345.615417480469,,,
1588862761.69419,1497,350.999816894531,,,
1588863844.56726,1529,349.105194091797,,,
1588864825.95294,1558,353.168731689453,,,
1588865368.19974,1574,351.189178466797,,,
1588865909.39757,1590,359.274566650391,,,
1588866045.01961,1594,357.712738037109,,,
1588866621.87085,1611,346.640899658203,,,
1588867818.1362,1646,354.609649658203,,,
1588869256.62908,1688,349.034057617187,,,
1588869564.23497,1697,343.506256103516,,,
1588869772.04224,1703,340.324371337891,,,
1588869942.9503,1708,337.265686035156,,,
1588870182.00042,1715,357.540008544922,,,
1588870489.65172,1724,345.422241210938,,,
1588870906.623,1738,343.685974121094,,,
1588870975.05469,1740,360.763610839844,,,
1588871077.84351,1743,338.46142578125,,,
1588871357.48715,1752,347.035980224609,,,
1588872554.18415,1787,346.24169921875,,,
1588873375.12112,1811,330.686248779297,,,
1588874092.53209,1832,346.913635253906,,,
1588874708.85366,1850,354.076995849609,,,
1588875016.89755,1859,354.715454101562,,,
1588875462.25757,1872,354.818817138672,,,
1588875564.66397,1875,363.634033203125,,,
1588875837.62868,1883,356.712524414062,,,
1588877208.15492,1923,359.654876708984,,,
1588877765.70646,1940,352.976440429688,,,
1588878106.83202,1950,355.990966796875,,,
1588878209.26479,1953,349.706756591797,,,
1588878893.16041,1973,351.320098876953,,,
1588879440.57992,1989,364.610107421875,,,
1588880028.60774,2007,353.573638916016,,,
1588880416.97321,2019,181.529220581055,,,
1588880971.64091,2036,340.101196289062,,,
1588881177.57922,2042,344.261474609375,,,
1588882450.84712,2079,347.45166015625,,,
1588882553.95552,2082,353.441589355469,,,
1588882588.23846,2083,343.134765625,,,
1588882862.32614,2091,364.542572021484,,,
1588882999.14797,2095,352.0771484375,,,
1588883239.02516,2102,364.314758300781,,,
1588885048.73951,2155,346.678863525391,,,
1588885288.26654,2162,351.923492431641,,,
1588885596.16847,2171,356.940643310547,,,
1588886350.16164,2193,355.646148681641,,,
1588886486.7435,2197,343.097930908203,,,
1588886759.13561,2205,356.540985107422,,,
1588887034.14988,2213,357.869476318359,,,
1588887170.79679,2217,364.511352539062,,,
1588887823.37552,2237,354.491668701172,,,
1588887991.95527,2242,356.421295166016,,,
1588888025.70247,2243,340.028137207031,,,
1588888194.05406,2248,352.718719482422,,,
1588888699.31484,2263,355.496734619141,,,
1588888867.62977,2268,361.001983642578,,,
1588889507.72215,2287,353.309783935547,,,
1588890047.03974,2303,356.894958496094,,,
1588890384.25308,2313,361.396514892578,,,
1588890789.36499,2325,360.396026611328,,,
1588891666.38962,2351,330.09521484375,,,
1588891970.33456,2360,371.824829101562,,,
1588893152.49738,2395,363.550018310547,,,
1588893186.24425,2396,353.64013671875,,,
1588893253.9037,2398,355.249359130859,,,
1588894674.62901,2442,370.820434570312,,,
1588894944.63199,2450,361.796295166016,,,
1588895248.62727,2459,366.323608398437,,,
1588895316.0965,2461,374.493499755859,,,
1588895485.01146,2466,368.376007080078,,,
1588896265.58711,2491,352.192199707031,,,
1588896266.65564,2492,1.61800503730774,,,
1588896604.45952,2502,364.092956542969,,,
1588896672.07568,2504,367.330139160156,,,
1588896841.03566,2509,371.835876464844,,,
1588897248.56823,2523,1.07328224182129,,,
1588897420.3989,2529,361.579986572266,,,
1588897724.59504,2538,354.001800537109,,,
1588898239.29046,2553,346.567840576172,,,
1588898458.50286,2559,361.301574707031,,,
1588900349.74571,2612,363.994354248047,,,
1588900969.9693,2629,366.889739990234,,,
1588903160.59599,2691,373.678619384766,,,
1588903330.19086,2696,355.77490234375,,,
1588903799.08614,2709,354.204559326172,,,
1588905152.91067,2746,369.216674804687,,,
1588905634.95869,2760,352.725341796875,,,
1588906745.07912,2795,370.674163818359,,,
1588909533.46687,2878,372.498931884766,,,
1588910144.22321,2896,359.970520019531,,,
1588910357.39445,2902,353.445983886719,,,
1588911221.51846,2926,349.095275878906,,,
1588912736.77865,2973,359.692199707031,,,
1588913004.83794,2981,360.205291748047,,,
1588914273.41369,3017,350.189544677734,,,
1588914893.31283,3033,343.724456787109,,,
1588914996.28408,3036,366.787322998047,,,
1588915287.95329,3044,362.720520019531,,,
1588915399.83196,3047,346.153778076172,,,
1588916425.91363,3075,353.506500244141,,,
1588917539.17493,3105,358.605895996094,,,
1588919523.6531,3161,362.00439453125,,,
1588919756.0322,3167,367.0625,,,
1588920317.84651,3183,358.398010253906,,,
1588920930.81259,3201,350.653625488281,,,
1588920965.55663,3202,362.414398193359,,,
1588922203.43668,3236,356.580017089844,,,
1588922558.2103,3246,364.026214599609,,,
1588922659.88785,3249,317.865539550781,,,
1588922671.32852,3250,82.1699676513672,,,
1588922742.71586,3252,354.169738769531,,,
1588922778.5127,3253,368.661468505859,,,
1588923674.79676,3278,355.430267333984,,,
1588924788.40336,3311,352.028656005859,,,
1588926217.89591,3351,350.039947509766,,,
1588927361.76404,3382,346.207580566406,,,
1588928347.98417,3409,353.302398681641,,,
1588928524.65213,3414,355.309234619141,,,
1588929315.38645,3436,351.043762207031,,,
1588930014.49069,3455,346.241088867187,,,
1588930556.29223,3470,356.327301025391,,,
1588931119.67703,3486,356.75830078125,,,
1588932103.82926,3515,351.236022949219,,,
1588932203.84276,3518,364.510833740234,,,
1588933037.59843,3543,357.051483154297,,,
1588934472.07826,3586,354.799133300781,,,
1588935140.24001,3606,361.489532470703,,,
1588935714.91538,3624,39.5614547729492,,,
1588935781.96614,3626,365.223022460937,,,
1588935848.89443,3628,370.048828125,,,
1588936049.66012,3634,368.058868408203,,,
1588936986.77379,3662,357.927612304687,,,
1588937455.35655,3676,363.520538330078,,,
1588939329.68666,3732,368.715576171875,,,
1588939463.60653,3736,356.064575195313,,,
1588939831.92811,3747,374.393341064453,,,
1588940869.6672,3778,353.023498535156,,,
1588941134.52304,3786,370.320007324219,,,
1588941569.5677,3799,357.938842773437,,,
1588941736.80315,3804,368.291473388672,,,
1588942272.02605,3820,375.030120849609,,,
1588942439.4264,3825,357.746643066406,,,
1588942506.36671,3827,355.8125,,,
1588942840.72412,3837,375.184448242187,,,
1588943951.09686,3870,369.173706054687,,,
1588944309.93807,3882,357.655334472656,,,
1588946050.38549,3934,360.651763916016,,,
1588946418.60409,3945,359.445770263672,,,
1588946988.03156,3962,377.711853027344,,,
1588947885.79199,3990,377.788848876953,,,
1588949129.88183,4028,365.8232421875,,,
1588949498.11162,4039,383.110778808594,,,
1588949598.54283,4042,382.177764892578,,,
1588951475.78255,4099,387.036499023437,,,
1588951643.17135,4104,378.478271484375,,,
1588952011.19293,4115,357.501312255859,,,
1588954389.6035,4188,364.889678955078,,,
1588954756.59606,4199,378.657562255859,,,
1588954790.03361,4200,365.419738769531,,,
1588954856.84543,4202,367.268463134766,,,
1588955023.83916,4207,376.104278564453,,,
1588955057.2555,4208,381.715576171875,,,
1588955891.88371,4233,365.629364013672,,,
1588956058.82835,4238,387.786590576172,,,
1588956158.97194,4241,363.82373046875,,,
1588956426.04089,4249,366.44384765625,,,
1588957094.18503,4269,377.357696533203,,,
1588957194.35693,4272,375.87158203125,,,
1588957227.76981,4273,379.654174804687,,,
1588957699.25406,4288,377.402526855469,,,
1588958423.18894,4310,379.594604492187,,,
1588958857.43751,4323,385.497802734375,,,
1588958924.15574,4325,378.825592041016,,,
1588960560.31136,4375,46.2567138671875,,,
1588961327.3131,4399,381.952697753906,,,
1588961550.64796,4406,247.389282226563,,,
1588961723.33308,4412,370.599945068359,,,
1588962480.62527,4436,372.839263916016,,,
1588962580.78368,4439,371.611297607422,,,
1588964425.27918,4498,375.208892822266,,,
1588964950.87087,4515,230.564910888672,,,
1588965613.47087,4536,375.189910888672,,,
1588965713.60102,4539,381.721466064453,,,
1588967185.89842,4584,384.921508789062,,,
1588967286.05972,4587,389.325836181641,,,
1588967820.1514,4603,374.149719238281,,,
1588968837.3758,4634,374.881622314453,,,
1588969771.93653,4662,366.344635009766,,,
1588970038.96024,4670,398.138977050781,,,
1588970172.46768,4674,375.461242675781,,,
1588970439.29937,4682,390.892791748047,,,
1588970775.77078,4693,382.326477050781,,,
1588971614.10976,4719,377.422882080078,,,
1588971781.05422,4724,397.962768554688,,,
1588972314.97298,4740,396.089233398438,,,
1588972848.89304,4756,377.607940673828,,,
1588973085.55906,4764,408.218383789063,,,
1588973386.43304,4773,388.757110595703,,,
1588974054.36096,4793,383.375305175781,,,
1588974087.749,4794,362.030426025391,,,
1588974488.2113,4806,384.699096679687,,,
1588974554.95936,4808,396.076324462891,,,
1588975823.74117,4846,406.110382080078,,,
1588976224.11113,4858,388.505401611328,,,
1588976829.93458,4877,387.432830810547,,,
1588977598.24876,4900,380.232543945312,,,
1588978266.13783,4920,400.430053710938,,,
1588979837.30146,4968,393.164764404297,,,
1588980137.91073,4977,380.54345703125,,,
1588980238.03307,4980,399.437957763672,,,
1588982110.72274,5036,379.219909667969,,,
1588982778.78906,5056,386.144622802734,,,
1588982845.43135,5058,384.311370849609,,,
1588982878.82758,5059,395.144165039062,,,
1588984648.28554,5112,387.735198974609,,,
1588985316.1003,5132,379.6533203125,,,
1588985583.21463,5140,402.558807373047,,,
1588986540.29606,5171,382.272491455078,,,
1588987108.13253,5188,378.817108154297,,,
1588987709.49485,5206,405.899963378906,,,
1588987976.97564,5214,404.258575439453,,,
1588989012.47526,5245,403.231719970703,,,
1588990683.51298,5295,403.071990966797,,,
1588991651.91299,5324,387.222229003906,,,
1588992019.54449,5335,374.525207519531,,,
1588992521.51695,5351,388.885833740234,,,
1588992988.8421,5365,389.234436035156,,,
1588993690.0393,5386,397.158538818359,,,
1588995026.81458,5426,410.075042724609,,,
1588995762.22023,5448,396.930847167969,,,
1588995929.23104,5453,406.656433105469,,,
1588997510.37063,5501,403.706420898438,,,
1588998178.38478,5521,390.4228515625,,,
1588998245.20707,5523,409.155059814453,,,
1588999298.79711,5555,11.3329982757568,,,
1589000074.16052,5579,411.017639160156,,,
1589000460.97054,5591,403.683837890625,,,
1589000528.00739,5593,396.011108398437,,,
1589000729.44893,5599,418.190612792969,,,
1589001966.78582,5636,385.750640869141,,,
1589002875.45045,5664,401.642944335937,,,
1589002942.57255,5666,402.775939941406,,,
1589003044.41096,5670,420.423370361328,,,
1589003517.73989,5685,402.731811523438,,,
1589004836.61082,5726,426.19384765625,,,
1589004937.55459,5729,425.036041259766,,,
1589006653.32331,5782,423.759490966797,,,
1589006754.1089,5785,391.480255126953,,,
1589007090.1274,5795,398.766662597656,,,
1589007694.92492,5813,431.911804199219,,,
1589007728.55289,5814,414.560119628906,,,
1589008252.91277,5831,433.699645996094,,,
1589008353.87512,5834,395.567565917969,,,
1589009495.71182,5868,426.689514160156,,,
1589009562.90659,5870,420.242156982422,,,
1589009798.15227,5877,398.327972412109,,,
1589011008.3774,5913,404.712005615234,,,
1589011718.66802,5934,413.975524902344,,,
1589012508.75246,5958,445.521118164062,,,
1589012676.84448,5963,429.716918945313,,,
1589012878.25764,5969,438.492736816406,,,
1589013761.40317,5996,442.594635009766,,,
1589014422.25284,6016,430.510437011719,,,
1589014590.43547,6021,437.463836669922,,,
1589015094.43773,6036,434.766906738281,,,
1589015262.46985,6041,437.394653320313,,,
1589016674.72571,6084,407.212280273438,,,
1589017490.68892,6109,429.984771728516,,,
1589017557.9187,6111,436.287414550781,,,
1589018087.70926,6127,442.59716796875,,,
1589018154.93752,6129,425.261383056641,,,
1589018356.4802,6135,430.12451171875,,,
1589018423.71458,6137,415.769073486328,,,
1589019004.46383,6155,449.48486328125,,,
1589020079.6274,6187,427.836975097656,,,
1589020717.97464,6206,438.493560791016,,,
1589021087.72467,6217,400.358612060547,,,
1589021154.93491,6219,433.508758544922,,,
1589021356.33808,6225,433.697509765625,,,
1589021739.87599,6238,434.117156982422,,,
1589022344.3929,6256,429.214385986328,,,
1589023655.05144,6295,408.727508544922,,,
1589024427.82124,6318,433.318420410156,,,
1589024595.82394,6323,440.019897460938,,,
1589025402.12057,6347,448.013366699219,,,
1589025771.74957,6358,433.426635742188,,,
1589026141.39154,6369,420.392639160156,,,
1589026376.60104,6376,434.149108886719,,,
1589026578.33057,6382,418.454132080078,,,
1589027384.60345,6406,426.973419189453,,,
1589029313.60905,6465,438.339385986328,,,
1589030430.07996,6501,443.027679443359,,,
1589030463.70226,6502,426.593994140625,,,
1589030597.80564,6506,432.199829101563,,,
1589031243.80579,6526,431.626373291016,,,
1589031277.44336,6527,437.418579101563,,,
1589031311.07295,6528,423.872314453125,,,
1589031579.97887,6536,437.272705078125,,,
1589033064.92692,6580,442.849639892578,,,
1589033290.14456,6587,446.283843994141,,,
1589033391.09391,6590,435.559051513672,,,
1589033998.89038,6609,427.932556152344,,,
1589035813.15667,6663,459.792633056641,,,
1589036115.57304,6672,445.980529785156,,,
1589036182.754,6674,444.795593261719,,,
1589036317.29833,6678,456.858154296875,,,
1589036518.89482,6684,439.348114013672,,,
1589036619.80763,6687,461.49365234375,,,
1589036839.40731,6694,437.390594482422,,,
1589037108.36648,6702,476.009460449219,,,
1589037209.16733,6705,439.602508544922,,,
1589037612.19284,6717,490.423309326172,,,
1589038515.25838,6744,447.658081054688,,,
1589038642.68331,6748,353.019012451172,,,
1589039012.13941,6759,464.815307617188,,,
1589039381.7786,6770,455.371246337891,,,
1589041582.7424,6838,434.014038085938,,,
1589042012.08637,6852,90.1795272827149,,,
1589042280.98377,6860,452.726135253906,,,
1589042704.55588,6874,286.757202148437,,,
1589042738.15036,6875,474.446044921875,,,
1589043577.13694,6901,472.341064453125,,,
1589044019.06105,6915,447.48046875,,,
1589044823.55199,6940,408.886688232422,,,
1589045718.44742,6969,457.842956542969,,,
1589045819.37245,6972,446.502532958984,,,
1589046693.42332,6998,475.242645263672,,,
1589047270.73825,7016,469.562316894531,,,
1589047405.15597,7020,436.366729736328,,,
1589048222.04456,7045,448.155120849609,,,
1589049944.83552,7097,460.854461669922,,,
1589050449.16057,7112,446.120819091797,,,
1589050718.05836,7120,462.332824707031,,,
1589050751.69664,7121,472.817016601563,,,
1589051485.40208,7143,473.306182861328,,,
1589052043.3529,7161,464.048065185547,,,
1589053333.86572,7201,467.624664306641,,,
1589054039.57477,7222,455.378387451172,,,
1589055081.56413,7253,449.013854980469,,,
1589056826.69932,7306,472.528167724609,,,
1589057196.21448,7317,473.420593261719,,,
1589057784.92996,7335,474.346099853516,,,
1589058120.98231,7345,449.638122558594,,,
1589058154.54868,7346,448.397186279297,,,
1589058734.97817,7365,476.304656982422,,,
1589059480.398,7388,469.766937255859,,,
1589060122.29018,7407,481.220153808594,,,
1589061089.92163,7437,506.174407958984,,,
1589061363.68643,7446,490.616638183594,,,
1589061464.03412,7449,474.978424072266,,,
1589061698.54757,7456,479.590179443359,,,
1589062033.3915,7466,475.480987548828,,,
1589062134.02543,7469,484.551788330078,,,
1589062301.64098,7474,484.632019042969,,,
1589062606.0119,7484,13.0299406051636,,,
1589063616.6837,7517,476.833435058594,,,
1589064253.33635,7536,471.035430908203,,,
1589064822.81818,7553,483.763763427734,,,
1589066863.34928,7615,471.213897705078,,,
1589068036.80064,7650,472.145751953125,,,
1589068603.3447,7667,479.505889892578,,,
1589068907.56879,7677,477.900085449219,,,
1589069075.09147,7682,506.669006347656,,,
1589069402.85588,7693,479.197448730469,,,
1589069603.7152,7699,473.512420654297,,,
1589069838.16706,7706,491.651000976563,,,
1589070439.28431,7724,470.19384765625,,,
1589070596.62251,7729,481.981170654297,,,
1589070764.16288,7734,490.058074951172,,,
1589071367.60985,7752,481.199279785156,,,
1589071735.85539,7763,473.260040283203,,,
1589071836.41236,7766,477.328826904297,,,
1589072506.93156,7786,491.263916015625,,,
1589072775.14204,7794,478.049530029297,,,
1589073110.37707,7804,473.929412841797,,,
1589074230.82522,7839,474.546691894531,,,
1589074398.33661,7844,480.430114746094,,,
1589076431.75128,7905,481.202239990234,,,
1589076465.22263,7906,499.266723632813,,,
1589077512.91767,7938,481.541931152344,,,
1589078923.69707,7981,487.403411865234,,,
1589079191.71024,7989,479.564117431641,,,
1589079460.05379,7997,471.068908691406,,,
1589079493.55364,7998,480.847198486328,,,
1589080632.71304,8032,471.322540283203,,,
1589080980.24854,8043,482.884704589844,,,
1589081382.67054,8055,485.491729736328,,,
1589081927.59723,8072,448.840301513672,,,
1589083923.90168,8132,466.161651611328,,,
1589084716.73211,8156,480.566162109375,,,
1589085722.50944,8186,499.005950927734,,,
1589085856.53574,8190,468.917022705078,,,
1589086325.57753,8204,468.031036376953,,,
1589086880.55639,8221,485.200225830078,,,
1589087081.54316,8227,484.924224853516,,,
1589088444.97586,8269,472.053497314453,,,
1589088980.89401,8285,472.529998779297,,,
1589089356.22272,8296,498.233764648438,,,
1589089657.16473,8305,479.792572021484,,,
1589089924.55295,8313,470.215484619141,,,
1589090593.20406,8333,494.674438476563,,,
1589090660.10376,8335,482.429443359375,,,
1589090760.41583,8338,472.500396728516,,,
1589090827.24549,8340,490.330993652344,,,
1589090999.58177,8346,466.037902832031,,,
1589091668.32976,8366,489.658599853516,,,
1589091768.67664,8369,514.434753417969,,,
1589091935.75953,8374,503.793701171875,,,
1589092236.71705,8383,494.660827636719,,,
1589094492.2844,8453,505.901336669922,,,
1589095160.96247,8473,496.430053710938,,,
1589095194.39352,8474,514.289306640625,,,
1589095235.54215,8476,63.4194488525391,,,
1589095680.44253,8490,480.936462402344,,,
1589095814.2564,8494,491.820648193359,,,
1589096115.47334,8503,486.816955566406,,,
1589096148.89916,8504,487.502746582031,,,
1589096285.76979,8509,479.835144042969,,,
1589096422.67947,8514,495.494384765625,,,
1589096924.29151,8529,515.430847167969,,,
1589097961.51057,8560,493.496154785156,,,
1589098332.37444,8572,512.128173828125,,,
1589098566.53114,8579,480.209869384766,,,
1589098733.6264,8584,491.658569335938,,,
1589099174.69075,8598,493.242706298828,,,
1589099475.73318,8607,467.728363037109,,,
1589100330.67569,8633,478.199493408203,,,
1589100553.28231,8640,500.516052246094,,,
1589100586.75985,8641,508.849456787109,,,
1589100862.59846,8650,508.436370849609,,,
1589102068.73032,8688,484.913269042969,,,
1589102336.26605,8696,513.15380859375,,,
1589102369.74842,8697,514.644958496094,,,
1589102503.52057,8701,489.977600097656,,,
1589103525.12456,8733,478.808013916016,,,
1589105074.79144,8780,444.409423828125,,,
1589105208.51822,8784,482.851531982422,,,
1589105978.19719,8807,512.069396972656,,,
1589106580.07582,8825,504.621765136719,,,
1589106680.42508,8828,506.2763671875,,,
1589107350.05605,8849,517.053161621094,,,
1589107717.89096,8860,510.097808837891,,,
1589108520.12922,8884,505.113586425781,,,
1589108754.08216,8891,506.955230712891,,,
1589109322.53737,8908,488.447906494141,,,
1589109389.5193,8910,479.93115234375,,,
1589109465.69006,8913,113.892074584961,,,
1589110167.85028,8934,501.376220703125,,,
1589110234.74587,8936,506.603271484375,,,
1589110401.81735,8941,512.913024902344,,,
1589110769.53554,8952,499.637756347656,,,
1589111170.4517,8964,493.402496337891,,,
1589111707.80912,8981,510.490570068359,,,
1589112309.66526,8999,513.747985839844,,,
1589112510.70581,9005,512.680786132813,,,
1589112847.41326,9015,500.022308349609,,,
1589113483.01397,9034,502.079986572266,,,
1589114386.02242,9061,511.207366943359,,,
1589114653.62626,9069,532.726379394531,,,
1589115355.64205,9090,516.810668945313,,,
1589116058.30003,9111,508.843048095703,,,
1589116660.4424,9129,503.940856933594,,,
1589117638.0552,9161,502.318145751953,,,
1589117872.2761,9168,508.042419433594,,,
1589119611.47108,9220,514.874755859375,,,
1589119678.36843,9222,513.097412109375,,,
1589120012.95955,9232,518.811401367188,,,
1589120247.12856,9239,512.833190917969,,,
1589121150.04711,9266,513.967224121094,,,
1589121819.68901,9287,520.914611816406,,,
1589122154.20171,9297,506.019409179688,,,
1589122689.52376,9313,507.812255859375,,,
1589122990.07643,9322,493.441558837891,,,
1589124033.42628,9354,519.234741210938,,,
1589124568.6109,9370,474.851318359375,,,
1589124735.87043,9375,514.511535644531,,,
1589126149.81796,9418,527.649658203125,,,
1589126250.20561,9421,520.818786621094,,,
1589126903.13829,9441,475.561004638672,,,
1589127137.04103,9448,512.076904296875,,,
1589128006.58899,9474,505.549499511719,,,
1589128240.74786,9481,501.673614501953,,,
1589130347.17259,9544,502.872283935547,,,
1589130648.16143,9553,509.829956054687,,,
1589130866.28665,9560,242.502365112305,,,
1589131200.84773,9570,503.789825439453,,,
1589131300.99506,9573,498.596984863281,,,
1589132038.30329,9595,501.799102783203,,,
1589132406.21674,9606,500.006134033203,,,
1589132774.01188,9617,500.300720214844,,,
1589133175.37627,9629,503.800933837891,,,
1589133208.77757,9630,494.090667724609,,,
1589133309.11807,9633,474.161346435547,,,
1589134101.14574,9657,505.799407958984,,,
1589134277.58112,9663,513.336791992188,,,
1589135014.56267,9686,493.207458496094,,,
1589135303.71149,9696,531.995666503906,,,
1589135543.29012,9704,44.9359893798828,,,
1589137431.56158,9765,501.2294921875,,,
1589137717.31927,9774,478.291778564453,,,
1589138018.09073,9783,464.888336181641,,,
1589139115.72716,9818,554.310668945313,,,
1589140019.59871,9846,519.570495605469,,,
1589140119.90504,9849,513.260559082031,,,
1589141396.81805,9889,313.528167724609,,,
1589142175.49409,9913,542.719848632813,,,
1589144295.00884,9978,515.088256835938,,,
1589145671.39272,10020,506.757537841797,,,
1589146853.32103,10056,487.497039794922,,,
1589147020.76494,10061,492.936340332031,,,
1589147054.26503,10062,494.999633789063,,,
1589147121.25255,10064,472.662536621094,,,
1589147589.72018,10078,511.450561523438,,,
1589147991.14187,10090,507.775207519531,,,
1589148760.68886,10113,510.021911621094,,,
1589148961.28565,10119,496.688354492188,,,
1589149457.38665,10134,508.261657714844,,,
1589149658.24441,10140,532.990661621094,,,
1589149993.02768,10150,538.592834472656,,,
1589150798.5501,10174,529.487854003906,,,
1589151367.32983,10191,548.10888671875,,,
1589152103.29098,10213,521.544860839844,,,
1589153331.79943,10251,535.850219726563,,,
1589153699.74785,10262,512.818176269531,,,
1589154368.46099,10282,510.684173583984,,,
1589154602.57102,10289,530.250366210938,,,
1589154769.93161,10294,549.822937011719,,,
1589156033.29564,10336,16.071756362915,,,
1589157212.53302,10372,513.964050292969,,,
1589158148.77886,10400,534.941162109375,,,
1589158215.69033,10402,549.688720703125,,,
1589158249.07334,10403,542.500854492188,,,
1589158316.08652,10405,548.212646484375,,,
1589158822.3394,10420,526.252014160156,,,
1589159024.11122,10426,540.744262695312,,,
1589159192.2663,10431,506.050201416016,,,
1589160106.03501,10460,552.541564941406,,,
1589160552.06172,10474,116.109481811523,,,
1589160921.76992,10485,510.154388427734,,,
1589161263.8986,10495,511.816833496094,,,
1589161399.06898,10499,509.028350830078,,,
1589161432.78473,10500,534.338989257813,,,
1589162355.26895,10528,516.443603515625,,,
1589162657.66635,10537,508.5361328125,,,
1589163428.31301,10560,547.389221191406,,,
1589163461.9528,10561,527.34912109375,,,
1589163902.41613,10573,543.610473632813,,,
1589164932.88623,10604,523.694274902344,,,
1589165235.49843,10613,552.229309082031,,,
1589165806.87873,10630,547.009216308594,,,
1589165974.99226,10635,540.26513671875,,,
1589166277.4618,10644,508.042388916016,,,
1589166546.2983,10652,542.651977539063,,,
1589166815.10741,10660,541.484130859375,,,
1589167386.73255,10677,533.433715820313,,,
1589168392.35576,10707,537.308288574219,,,
1589168728.48145,10717,539.216369628906,,,
1589169974.80166,10754,548.714599609375,,,
1589170276.47293,10763,553.727722167969,,,
1589170310.02092,10764,552.575866699219,,,
1589170511.20958,10770,553.926635742188,,,
1589171052.00586,10786,542.712890625,,,
1589171302.44757,10793,517.344848632813,,,
1589172323.58313,10821,539.843200683594,,,
1589172359.91467,10822,538.503662109375,,,
1589172692.18098,10831,522.688293457031,,,
1589172874.38974,10836,541.710205078125,,,
1589173297.69334,10847,536.165710449219,,,
1589173619.67346,10856,540.752746582031,,,
1589174132.12831,10870,540.348937988281,,,
1589175491.56819,10908,555.020812988281,,,
1589175595.15736,10911,544.125793457031,,,
1589175904.8145,10920,554.116516113281,,,
1589176766.25761,10945,521.186096191406,,,
1589176904.16559,10949,551.473754882813,,,
1589177216.72417,10958,546.942993164063,,,
1589177721.86194,10972,541.665771484375,,,
1589177950.21442,10978,542.036743164063,,,
1589178017.92689,10980,555.830261230469,,,
1589179190.54673,11014,541.884704589844,,,
1589179372.00367,11020,528.758605957031,,,
1589179584.23036,11026,532.656494140625,,,
1589179656.61004,11028,541.320495605469,,,
1589180036.14819,11039,542.666687011719,,,
1589180231.2717,11044,475.142913818359,,,
1589180769.39885,11058,548.343566894531,,,
1589181090.20251,11067,542.187622070313,,,
1589181678.79708,11083,546.157775878906,,,
1589182538.11989,11108,536.401489257813,,,
1589183213.74946,11127,584.307250976562,,,
1589183509.13521,11136,543.424011230469,,,
1589184168.77804,11154,535.467346191406,,,
1589185083.87866,11181,545.815185546875,,,
1589185855.6927,11204,538.467407226563,,,
1589185927.36414,11206,540.92236328125,,,
1589185962.11495,11207,535.376159667969,,,
1589187740.86094,11258,557.622985839844,,,
1589188013.72387,11266,412.347412109375,,,
1589188119.78416,11269,510.935424804688,,,
1589188413.86461,11278,540.637145996094,,,
1589189659.43962,11316,565.955444335938,,,
1589190651.29483,11347,548.158874511719,,,
1589191349.44629,11367,550.672424316406,,,
1589191991.82847,11386,593.900451660156,,,
1589193024.43655,11417,571.911743164063,,,
1589193266.8628,11425,565.317077636719,,,
1589193334.06062,11427,543.552551269531,,,
1589194448.27657,11461,584.326477050781,,,
1589194991.25987,11478,588.505798339844,,,
1589195429.617,11492,596.808654785156,,,
1589195630.56895,11498,573.836303710938,,,
1589196512.40759,11526,601.32958984375,,,
1589196613.0859,11529,588.581359863281,,,
1589196646.63572,11530,597.68359375,,,
1589196847.93685,11536,590.550964355469,,,
1589196897.98507,11538,184.429214477539,,,
1589197435.49721,11555,564.639892578125,,,
1589197680.93139,11563,589.384033203125,,,
1589197982.75906,11572,595.760498046875,,,
1589198411.37285,11587,554.504760742188,,,
1589198920.35201,11603,549.042602539063,,,
1589200154.51457,11642,563.0400390625,,,
1589200529.48277,11654,558.083374023438,,,
1589200596.56763,11656,593.295654296875,,,
1589200887.22424,11666,595.674499511719,,,
1589201223.7163,11677,547.049133300781,,,
1589201623.30262,11691,582.406005859375,,,
1589201690.54072,11693,595.215270996094,,,
1589202261.06177,11710,587.971008300781,,,
1589202866.3703,11729,590.30126953125,,,
1589204053.13421,11765,596.835083007813,,,
1589204958.87025,11792,577.444091796875,,,
1589205160.12955,11798,594.005004882813,,,
1589205439.80646,11807,622.357971191406,,,
1589206448.58842,11837,585.329772949219,,,
1589207219.14156,11860,638.670654296875,,,
1589207252.85449,11861,626.357666015625,,,
1589207858.97505,11879,584.636413574219,,,
1589208797.95017,11907,588.162536621094,,,
1589208951.22303,11912,617.37646484375,,,
1589209856.71404,11939,625.612060546875,,,
1589210124.97286,11947,584.404052734375,,,
1589210292.7672,11952,619.663391113281,,,
1589210359.96763,11954,621.523742675781,,,
1589210393.43736,11955,590.238220214844,,,
1589211021.28657,11975,611.375305175781,,,
1589211188.88324,11980,586.444274902344,,,
1589211657.91297,11994,623.90185546875,,,
1589211926.33875,12004,11.6710062026978,,,
1589212082.85422,12009,385.855773925781,,,
1589212317.68329,12016,619.409912109375,,,
1589212954.57366,12035,532.194885253906,,,
1589213331.01874,12047,626.068359375,,,
1589214457.01526,12082,597.862670898438,,,
1589214759.049,12091,592.058410644531,,,
1589216315.21783,12139,618.386352539063,,,
1589216482.94859,12144,584.663391113281,,,
1589216955.25927,12159,610.302307128906,,,
1589217302.80498,12170,629.7216796875,,,
1589217436.90478,12174,616.792236328125,,,
1589217973.51003,12190,615.694030761719,,,
1589218409.61851,12203,629.528869628906,,,
1589219080.38851,12223,619.232299804688,,,
1589219382.21897,12232,630.508117675781,,,
1589219650.59318,12240,628.631958007813,,,
1589220850.97558,12276,628.476135253906,,,
1589221529.32482,12296,630.946533203125,,,
1589221631.13705,12299,608.579345703125,,,
1589222151.8108,12315,661.637817382813,,,
1589222668.38638,12331,625.498168945313,,,
1589225027.86716,12402,627.619995117188,,,
1589225315.24939,12411,625.761840820313,,,
1589226272.75553,12442,100.793579101563,,,
1589226860.49197,12461,631.783020019531,,,
1589226936.17491,12464,633.281372070313,,,
1589227668.90818,12486,641.801391601563,,,
1589229672.22105,12551,635.8349609375,,,
1589229875.57109,12557,633.893310546875,,,
1589229943.48617,12559,629.245910644531,,,
1589230657.71889,12580,616.047058105469,,,
1589231388.51146,12602,623.641052246094,,,
1589232320.34425,12631,629.092102050781,,,
1589233789.1869,12677,645.479675292969,,,
1589234738.72843,12705,627.8720703125,,,
1589236723.9887,12764,635.058410644531,,,
1589237233.76434,12780,681.130004882813,,,
1589238223.82063,12811,625.772583007813,,,
1589238495.15026,12819,669.876892089844,,,
1589239207.73697,12840,633.476745605469,,,
1589240002.46129,12865,667.738037109375,,,
1589240172.20387,12870,635.110900878906,,,
1589240582.04442,12883,631.378784179688,,,
1589240994.48632,12896,635.075439453125,,,
1589241197.98147,12902,666.907531738281,,,
1589242534.75049,12944,670.787414550781,,,
1589242568.74717,12945,654.946350097656,,,
1589242738.39299,12950,674.250732421875,,,
1589243214.6292,12965,656.263488769531,,,
1589245152.24148,13023,676.890686035156,,,
1589245677.76998,13040,667.279296875,,,
1589246587.17174,13067,630.0634765625,,,
1589246620.78423,13068,676.100402832031,,,
1589246857.90845,13076,633.786743164063,,,
1589247229.4723,13088,622.708862304688,,,
1589247633.73895,13100,663.164855957031,,,
1589248138.80082,13115,618.603942871094,,,
1589248273.30379,13119,636.228881835938,,,
1589248834.0904,13136,669.857238769531,,,
1589249409.56255,13154,635.309875488281,,,
1589250016.07307,13172,623.089599609375,,,
1589250521.40791,13187,663.032348632813,,,
1589250857.6747,13197,670.133361816406,,,
1589250958.81458,13200,622.298095703125,,,
1589251362.24758,13212,674.419799804688,,,
1589251395.90669,13213,629.896118164062,,,
1589251530.68882,13217,634.088806152344,,,
1589252469.87483,13245,650.236633300781,,,
1589253345.56014,13271,629.221252441406,,,
1589254390.48313,13304,677.399597167969,,,
1589254893.71656,13319,672.608215332031,,,
1589256037.05688,13355,671.152465820313,,,
1589256204.77269,13360,626.506103515625,,,
1589257849.67502,13408,662.183288574219,,,
1589257991.97576,13412,671.796752929687,,,
1589258651.39043,13432,673.130065917969,,,
1589260205.63718,13481,13.2063617706299,,,
1589261046.69254,13507,636.409362792969,,,
1589261147.60381,13510,666.913635253906,,,
1589262531.17762,13552,665.901428222656,,,
1589263068.32991,13568,634.6474609375,,,
1589264250.25004,13603,671.999694824219,,,
1589264760.20266,13618,661.233154296875,,,
1589265032.06599,13626,654.977966308594,,,
1589265236.07744,13632,669.799255371094,,,
1589266354.11132,13665,629.719604492188,,,
1589266936.10568,13682,669.958984375,,,
1589267036.84224,13685,667.934936523438,,,
1589267137.64428,13688,669.008666992188,,,
1589267601.62256,13701,662.97265625,,,
1589268570.51176,13728,624.221984863281,,,
1589269186.1624,13746,636.168395996094,,,
1589269444.95296,13753,685.780822753906,,,
1589269691.06491,13760,672.051696777344,,,
1589270461.62043,13782,673.495056152344,,,
1589271181.40855,13803,668.431335449219,,,
1589271616.65194,13816,662.976928710938,,,
1589272801.98907,13851,650.547546386719,,,
1589273575.76638,13874,661.082702636719,,,
1589273676.17781,13877,678.583374023438,,,
1589274110.93489,13890,665.078796386719,,,
1589274244.82011,13894,656.922729492188,,,
1589274424.56448,13900,669.900329589844,,,
1589275863.08192,13943,671.150512695313,,,
1589275896.52225,13944,674.784118652344,,,
1589276532.56211,13963,671.358215332031,,,
1589276632.99785,13966,687.3837890625,,,
1589276868.19438,13974,716.98974609375,,,
1589276901.59499,13975,667.217590332031,,,
1589276935.0849,13976,709.251403808594,,,
1589277135.71754,13982,669.069580078125,,,
1589277794.26185,14002,668.1298828125,,,
1589277866.02448,14004,710.938232421875,,,
1589278501.79044,14022,736.678466796875,,,
1589280290.90908,14072,674.453247070313,,,
1589280718.97843,14086,707.495361328125,,,
1589280883.50518,14092,713.792053222656,,,
1589281930.03852,14126,800.364013671875,,,
1589283255.60231,14167,783.958740234375,,,
1589284173.65032,14195,832.739318847656,,,
1589285060.79204,14222,698.7138671875,,,
1589285212.57044,14227,783.950317382813,,,
1589285395.14763,14233,786.999816894531,,,
1589286097.83073,14256,190.826522827148,,,
1589286893.2712,14281,799.729309082031,,,
1589287269.68523,14293,822.714904785156,,,
1589287303.38764,14294,786.744140625,,,
1589287505.54992,14300,829.150512695312,,,
1589287748.02303,14309,793.920104980469,,,
1589288251.14272,14326,787.843444824219,,,
1589288631.65925,14338,830.757873535156,,,
1589288833.79912,14344,794.344055175781,,,
1589289508.15347,14364,785.722290039063,,,
1589289620.91906,14368,827.484130859375,,,
1589290350.72835,14392,736.416198730469,,,
1589290418.15802,14394,787.441101074219,,,
1589290719.5743,14403,682.470886230469,,,
1589292284.97477,14453,827.81884765625,,,
1589293067.10994,14477,824.422485351563,,,
1589293818.03525,14500,815.088989257812,,,
1589294709.93755,14535,94.9984283447266,,,
1589294743.46861,14536,684.416687011719,,,
1589295154.84272,14560,823.177429199219,,,
1589295200.78826,14562,790.418029785156,,,
1589295208.5899,14563,64.2872695922852,,,
1589295556.22152,14593,18.1523456573486,,,
1589295726.22498,14618,12.2848434448242,,,
1589295750.67015,14623,14.3657083511353,,,
1589295814.22888,14638,12.4584150314331,,,
1589295843.52999,14644,59.9381790161133,,,
1589296055.3587,14674,10.1196174621582,,,
1589296057.8465,14675,8.02958679199219,,,
1589296088.15406,14683,9.39964294433594,,,
1589296102.61551,14687,8.63666152954102,,,
1589296121.36626,14693,10.7998323440552,,,
1589296183.2634,14709,8.07281017303467,,,
1589296287.75453,14752,6.92954301834106,,,
1589296317.55394,14764,6.5380597114563,,,
1589296342.8153,14775,0.349678546190262,,,
1589296361.97771,14785,6.79779863357544,,,
1589296364.50548,14786,7.31724119186401,,,
1589296369.27004,14790,0.263674080371857,,,
1589296377.14122,14794,6.6410436630249,,,
1589296385.27491,14798,0.264098435640335,,,
1589296416.72376,14815,9.21092891693115,,,
1589296427.9682,14821,7.70363855361939,,,
1589296434.16328,14825,6.77337789535522,,,
1589296438.86694,14827,7.2856559753418,,,
1589296496.24613,14852,6.88049936294556,,,
1589296551.16284,14871,29.3098449707031,,,
1589296577.18856,14878,8.98022842407227,,,
1589296579.71058,14879,7.90006399154663,,,
1589296637.15001,14895,16.2096881866455,,,
1589296651.16762,14898,58.1876678466797,,,
1589296733.44907,14930,7.06089067459106,,,
1589296735.67931,14931,4.2933783531189,,,
1589296738.07707,14932,4.68813323974609,,,
1589296795.71783,14956,7.20133352279663,,,
1589296839.95462,14970,4.11704349517822,,,
1589296987.87521,15021,61.9208297729492,,,
1589297022.2898,15033,5.98289012908936,,,
1589297214.18496,15096,5.53268146514893,,,
1589297407.27487,15138,6.770188331604,,,
1589297417.25125,15142,6.49797821044922,,,
1589297466.66971,15162,5.77391290664673,,,
1589297557.33293,15186,5.36122035980225,,,
1589297562.21231,15188,7.24029064178467,,,
1589297603.86679,15205,6.63477325439453,,,
1589297703.05475,15242,7.84625768661499,,,
1589297735.30064,15254,8.69395160675049,,,
1589297804.05775,15272,7.16060447692871,,,
1589297817.1448,15277,8.49351310729981,,,
1589297826.6463,15279,46.5403213500977,,,
1589297914.39129,15289,836.304016113281,,,
1589298008.31562,15307,7.98128271102905,,,
1589298089.51887,15323,60.2992782592773,,,
1589298117.14142,15330,60.2982177734375,,,
1589298256.78056,15347,7.85574007034302,,,
1589298319.72756,15353,9.97336959838867,,,
1589298388.99131,15360,829.680541992187,,,
1589299077.9972,15407,823.024658203125,,,
1589299169.9195,15412,151.936294555664,,,
1589299452.96844,15428,113.367324829102,,,
1589299609.67293,15434,828.090942382813,,,
1589299767.80849,15444,99.7328033447266,,,
1589299967.20876,15452,819.769897460938,,,
1589300207.67039,15462,60.2158470153809,,,
1589300364.92688,15469,746.844787597656,,,
1589300582.08411,15479,826.260375976563,,,
1589300615.60225,15480,787.076110839844,,,
1589300624.93671,15481,151.791778564453,,,
1589300914.90076,15494,829.468566894531,,,
1589301206.01768,15513,84.6160430908203,,,
1589301745.27708,15533,823.620056152344,,,
1589302038.21785,15544,113.307655334473,,,
1589303348.11313,15591,826.338073730469,,,
1589303750.55794,15603,822.22705078125,,,
1589304044.41392,15614,87.0774917602539,,,
1589305079.36019,15646,812.614929199219,,,
1589305866.90641,15678,814.971496582031,,,
1589306833.29889,15709,790.113525390625,,,
1589307997.6363,15746,183.320556640625,,,
1589308572.8165,15770,818.072082519531,,,
1589308874.12389,15779,818.017761230469,,,
1589309042.67932,15785,821.76171875,,,
1589309434.89094,15800,817.957153320313,,,
1589309908.23195,15817,151.603607177734,,,
1589310276.2782,15831,819.238403320312,,,
1589310376.78492,15834,822.279479980469,,,
1589310986.90657,15853,818.026184082031,,,
1589311591.19675,15872,781.119384765625,,,
1589311858.98373,15880,819.41796875,,,
1589314057.20605,15952,825.816955566406,,,
1589315014.24329,15985,816.707946777344,,,
1589315272.20563,15993,820.836975097656,,,
1589315472.88082,15999,813.735534667969,,,
1589316098.73358,16023,814.189575195313,,,
1589316132.27933,16024,824.337585449219,,,
1589316365.58923,16031,817.8232421875,,,
1589317357.84766,16062,815.894165039063,,,
1589317558.73851,16068,831.333923339844,,,
1589318262.24696,16089,824.9619140625,,,
1589318664.31674,16101,830.341247558594,,,
1589319207.44956,16118,832.528930664063,,,
1589319341.39573,16122,813.564758300781,,,
1589321295.32573,16181,823.319396972656,,,
1589321730.79136,16194,822.073547363281,,,
1589322065.73918,16204,826.90234375,,,
1589322178.23564,16208,186.314453125,,,
1589322379.16344,16214,835.892883300781,,,
1589323015.89061,16233,824.11572265625,,,
1589323752.60227,16255,826.801940917969,,,
1589324187.82498,16268,824.077575683594,,,
1589326144.6825,16327,820.696899414063,,,
1589326680.61213,16343,816.985656738281,,,
1589326881.66747,16349,824.510131835937,,,
1589327015.87641,16353,825.617492675781,,,
1589327082.96898,16355,817.077575683594,,,
1589327116.50492,16356,813.309997558594,,,
1589327451.59839,16366,814.069274902344,,,
1589328056.25682,16386,802.798950195312,,,
1589328390.84279,16396,794.98583984375,,,
1589328693.23567,16406,795.481018066406,,,
1589328793.5847,16409,794.914123535156,,,
1589328893.99808,16412,828.74560546875,,,
1589329830.89551,16440,844.729919433594,,,
